3cpio	0.14.0-1ubuntu1	amd64
7zip	26.00+dfsg-1	amd64
adduser	3.153ubuntu1	all
adwaita-icon-theme	50.0-1	all
alsa-topology-conf	1.2.5.1-3build1	all
alsa-ucm-conf	1.2.15.3-1ubuntu1	all
alsa-utils	1.2.15.2-1ubuntu1	amd64
amd64-microcode	3.20251202.1ubuntu2	amd64
apparmor	5.0.0~beta1-0ubuntu7	amd64
apport	2.34.0-0ubuntu2	all
apport-core-dump-handler	2.34.0-0ubuntu2	all
apport-symptoms	0.25build1	all
appstream	1.1.2-1	amd64
apt	3.2.0	amd64
at-spi2-common	2.60.0-1	all
at-spi2-core	2.60.0-1	amd64
base-files	14ubuntu6.1	amd64
base-passwd	3.6.8	amd64
bash	5.3-2ubuntu1	amd64
bash-completion	1:2.16.0-8build1	all
bcache-tools	1.0.8-5ubuntu1	amd64
bind9-dnsutils	1:9.20.18-1ubuntu2.1	amd64
bind9-host	1:9.20.18-1ubuntu2.1	amd64
bind9-libs:amd64	1:9.20.18-1ubuntu2.1	amd64
binutils	2.46-3ubuntu2	amd64
binutils-common:amd64	2.46-3ubuntu2	amd64
binutils-x86-64-linux-gnu	2.46-3ubuntu2	amd64
bpfcc-tools	0.35.0+ds-1ubuntu2	all
bpftool	7.7.0+7.0.0-22.22	amd64
bpftrace	0.25.0-1ubuntu1	amd64
bsdextrautils	2.41.3-3ubuntu2	amd64
bsdutils	1:2.41.3-3ubuntu2	amd64
btrfs-progs	6.17.1-1build1	amd64
bubblewrap	0.11.1-1ubuntu0.1	amd64
build-essential	12.12ubuntu2	amd64
busybox-initramfs	1:1.37.0-7ubuntu1	amd64
busybox-static	1:1.37.0-7ubuntu1	amd64
bzip2	1.0.8-6build2	amd64
ca-certificates	20260223	all
chrony	4.8-2ubuntu1	amd64
cloud-guest-utils	0.33-1build1	all
cloud-init	26.1-0ubuntu2	all
cloud-init-base	26.1-0ubuntu2	all
cmake	4.2.3-2ubuntu2	amd64
cmake-data	4.2.3-2ubuntu2	all
console-setup	1.237ubuntu3	all
console-setup-linux	1.237ubuntu3	all
coreutils	9.5-1ubuntu2+0.0.0~ubuntu25	all
coreutils-from-uutils	0.0.0~ubuntu25	all
cpp	4:15.2.0-5ubuntu1	amd64
cpp-15	15.2.0-16ubuntu1	amd64
cpp-15-x86-64-linux-gnu	15.2.0-16ubuntu1	amd64
cpp-x86-64-linux-gnu	4:15.2.0-5ubuntu1	amd64
crash	9.0.1+~16.3-1ubuntu1	amd64
cryptsetup	2:2.8.4-1ubuntu4	amd64
cryptsetup-bin	2:2.8.4-1ubuntu4	amd64
curl	8.18.0-1ubuntu2.1	amd64
dash	0.5.12-12ubuntu3	amd64
dbus	1.16.2-2ubuntu4	amd64
dbus-bin	1.16.2-2ubuntu4	amd64
dbus-daemon	1.16.2-2ubuntu4	amd64
dbus-session-bus-common	1.16.2-2ubuntu4	all
dbus-system-bus-common	1.16.2-2ubuntu4	all
dbus-user-session	1.16.2-2ubuntu4	amd64
dbus-x11	1.16.2-2ubuntu4	amd64
dconf-gsettings-backend:amd64	0.49.0-4	amd64
dconf-service	0.49.0-4	amd64
debconf	1.5.92	all
debianutils	5.23.2build1	amd64
dhcpcd-base	1:10.3.0-7	amd64
diffutils	1:3.12-1	amd64
dirmngr	2.4.8-4ubuntu3	amd64
distro-info-data	0.68ubuntu0.1	all
dmeventd	2:1.02.205-2ubuntu3	amd64
dmsetup	2:1.02.205-2ubuntu3	amd64
dpkg	1.23.7ubuntu1	amd64
dpkg-dev	1.23.7ubuntu1	all
dracut	110-11	all
dracut-core	110-11	amd64
dracut-install	110-11	amd64
e2fsprogs	1.47.2-3ubuntu4	amd64
eatmydata	131-2build1	all
efibootmgr	18-4ubuntu1	amd64
ethtool	1:6.19-1	amd64
evemu-tools	2.7.0-4build2	amd64
evtest	1:1.36-1	amd64
fakeroot	1.37.2-1	amd64
fdisk	2.41.3-3ubuntu2	amd64
ffmpeg	7:8.0.1-3ubuntu2	amd64
file	1:5.46-5build2	amd64
finalrd	9build2	all
findutils	4.10.0-3build2	amd64
firmware-sof-signed	2025.12.2-1	all
fontconfig	2.17.1-3ubuntu1	amd64
fontconfig-config	2.17.1-3ubuntu1	amd64
fonts-droid-fallback	1:8.1.0r7-1~1.gbp36536bbuild1	all
fonts-freefont-ttf	20211204+svn4273-4build1	all
fonts-liberation	1:2.1.5-3build1	all
fonts-liberation-sans-narrow	1:1.07.6-4build1	all
fonts-noto-mono	20201225-2build1	all
fonts-ubuntu	0.869+git20240321-0ubuntu2	all
fonts-urw-base35	20200910-8build1	all
fuse3	3.18.2-1	amd64
g++	4:15.2.0-5ubuntu1	amd64
g++-15	15.2.0-16ubuntu1	amd64
g++-15-x86-64-linux-gnu	15.2.0-16ubuntu1	amd64
g++-x86-64-linux-gnu	4:15.2.0-5ubuntu1	amd64
gawk	1:5.3.2-1ubuntu1	amd64
gcc	4:15.2.0-5ubuntu1	amd64
gcc-15	15.2.0-16ubuntu1	amd64
gcc-15-base:amd64	15.2.0-16ubuntu1	amd64
gcc-15-x86-64-linux-gnu	15.2.0-16ubuntu1	amd64
gcc-16-base:amd64	16-20260322-1ubuntu1	amd64
gcc-x86-64-linux-gnu	4:15.2.0-5ubuntu1	amd64
gdisk	1.0.10-2build1	amd64
gettext-base	0.23.2-1	amd64
gir1.2-girepository-3.0:amd64	2.88.0-1	amd64
gir1.2-glib-2.0:amd64	2.88.0-1	amd64
gir1.2-packagekitglib-1.0	1.3.4-3ubuntu1	amd64
git	1:2.53.0-1ubuntu1	amd64
git-man	1:2.53.0-1ubuntu1	all
glib-networking-common	2.80.1-1build2	all
glib-networking-services	2.80.1-1build2	amd64
glib-networking:amd64	2.80.1-1build2	amd64
glycin-loaders	2.1.1+ds-0ubuntu1	amd64
glycin-thumbnailers	2.1.1+ds-0ubuntu1	amd64
gnome-accessibility-themes	3.28-5	all
gnome-themes-extra-data	3.28-5	all
gnome-themes-extra:amd64	3.28-5	amd64
gnu-coreutils	9.7-3ubuntu2	amd64
gnupg	2.4.8-4ubuntu3	all
gnupg-l10n	2.4.8-4ubuntu3	all
gnupg-utils	2.4.8-4ubuntu3	amd64
google-chrome-stable	148.0.7778.215-1	amd64
gpg	2.4.8-4ubuntu3	amd64
gpg-agent	2.4.8-4ubuntu3	amd64
gpg-wks-client	2.4.8-4ubuntu3	amd64
gpgconf	2.4.8-4ubuntu3	amd64
gpgsm	2.4.8-4ubuntu3	amd64
gpgv	2.4.8-4ubuntu3	amd64
grep	3.12-1	amd64
groff-base	1.23.0-10	amd64
grub-efi-amd64	2.14-2ubuntu1	amd64
grub-efi-amd64-bin	2.14-2ubuntu1	amd64
grub-efi-amd64-signed	1.215+2.14-2ubuntu1	amd64
grub-efi-amd64-unsigned	2.14-2ubuntu1	amd64
grub-pc	2.14-2ubuntu2	amd64
grub2-common	2.14-2ubuntu2	amd64
gsettings-desktop-schemas	50.0-1ubuntu2	all
gstreamer1.0-gl:amd64	1.28.2-1	amd64
gstreamer1.0-plugins-base:amd64	1.28.2-1	amd64
gtk-update-icon-cache	4.22.2+ds-1ubuntu1	amd64
gtk2-engines-pixbuf:amd64	2.24.33-10	amd64
gzip	1.14-1~exp2ubuntu1	amd64
hicolor-icon-theme	0.18-2build1	all
hostname	3.25build1	amd64
htop	3.4.1-5build2	amd64
hwctl	0.11.0-0ubuntu1	amd64
hwdata	0.394-1build1	all
ibus-gtk3:amd64	1.5.34~rc2-1	amd64
ibus-gtk4:amd64	1.5.34~rc2-1	amd64
ieee-data	20240722build1	all
init-system-helpers	1.69	all
initramfs-tools-bin	0.151ubuntu1	amd64
initramfs-tools-core	0.151ubuntu1	all
input-utils	1.3-3	amd64
inputattach	1:1.8.1-2build2	amd64
intel-microcode	3.20260210.1ubuntu2	amd64
iproute2	6.19.0-1ubuntu1	amd64
iso-codes	4.20.1-1	all
iucode-tool	2.3.1-3build2	amd64
joystick	1:1.8.1-2build2	amd64
jq	1.8.1-4ubuntu2	amd64
jstest-gtk	0.1.1~git20250403.92bdf8e-1	amd64
kbd	2.7.1-2ubuntu2	amd64
kdump-tools	1:1.10.7ubuntu3	amd64
kexec-tools	1:2.0.32-3ubuntu1	amd64
keyboard-configuration	1.237ubuntu3	all
klibc-utils	2.0.14-1ubuntu2	amd64
kmod	34.2-2ubuntu2	amd64
kpartx	0.14.3-2ubuntu1	amd64
krb5-locales	1.22.1-2ubuntu4	all
less	668-1build1	amd64
libaa1:amd64	1.4p5-51.1build1	amd64
libaacs0:amd64	0.11.1-4build1	amd64
libacl1:amd64	2.3.2-2	amd64
libaio1t64:amd64	0.3.113-8build1	amd64
libalgorithm-diff-perl	1.201-1	all
libalgorithm-diff-xs-perl	0.04-9	amd64
libalgorithm-merge-perl	0.08-5	all
libaom3:amd64	3.13.1-2	amd64
libapparmor1:amd64	5.0.0~beta1-0ubuntu7	amd64
libappstream5:amd64	1.1.2-1	amd64
libapt-pkg7.0:amd64	3.2.0	amd64
libarchive13t64:amd64	3.8.5-1ubuntu2.1	amd64
libaribb24-0t64:amd64	1.0.3-3	amd64
libasan8:amd64	16-20260322-1ubuntu1	amd64
libasound2-data	1.2.15.3-1ubuntu1	all
libasound2t64:amd64	1.2.15.3-1ubuntu1	amd64
libass9:amd64	1:0.17.4-2	amd64
libassuan9:amd64	3.0.2-2build1	amd64
libasyncns0:amd64	0.8-7	amd64
libatk-bridge2.0-0t64:amd64	2.60.0-1	amd64
libatk1.0-0t64:amd64	2.60.0-1	amd64
libatkmm-1.6-1v5:amd64	2.28.4-2	amd64
libatomic1:amd64	16-20260322-1ubuntu1	amd64
libatopology2t64:amd64	1.2.15.3-1ubuntu1	amd64
libatspi2.0-0t64:amd64	2.60.0-1	amd64
libattr1:amd64	1:2.5.2-4	amd64
libaudit-common	1:4.1.2-1build1	all
libaudit1:amd64	1:4.1.2-1build1	amd64
libauthen-sasl-perl	2.2000-1	all
libavahi-client3:amd64	0.8-18ubuntu1.1	amd64
libavahi-common-data:amd64	0.8-18ubuntu1.1	amd64
libavahi-common3:amd64	0.8-18ubuntu1.1	amd64
libavc1394-0:amd64	0.5.4-5build4	amd64
libavcodec62:amd64	7:8.0.1-3ubuntu2	amd64
libavdevice62:amd64	7:8.0.1-3ubuntu2	amd64
libavfilter11:amd64	7:8.0.1-3ubuntu2	amd64
libavformat62:amd64	7:8.0.1-3ubuntu2	amd64
libavutil60:amd64	7:8.0.1-3ubuntu2	amd64
libayatana-ido3-0.4-0:amd64	0.10.4-1build1	amd64
libayatana-indicator3-7:amd64	0.9.4-2	amd64
libbdplus0:amd64	0.2.0-4build1	amd64
libbinutils:amd64	2.46-3ubuntu2	amd64
libblkid1:amd64	2.41.3-3ubuntu2	amd64
libbluetooth3:amd64	5.85-4	amd64
libbluray3:amd64	1:1.4.1-1	amd64
libbpf1:amd64	1:1.6.3-1ubuntu1	amd64
libbpfcc:amd64	0.35.0+ds-1ubuntu2	amd64
libbrotli1:amd64	1.2.0-3build1	amd64
libbs2b0:amd64	3.1.0+dfsg-8build1	amd64
libbsd0:amd64	0.12.2-2build2	amd64
libbz2-1.0:amd64	1.0.8-6build2	amd64
libc-bin	2.43-2ubuntu2	amd64
libc-dev-bin	2.43-2ubuntu2	amd64
libc-gconv-modules-extra:amd64	2.43-2ubuntu2	amd64
libc6-dev:amd64	2.43-2ubuntu2	amd64
libc6:amd64	2.43-2ubuntu2	amd64
libcairo-gobject2:amd64	1.18.4-3	amd64
libcairo-script-interpreter2:amd64	1.18.4-3	amd64
libcairo2:amd64	1.18.4-3	amd64
libcairomm-1.0-1v5:amd64	1.14.5-3	amd64
libcairomm-1.16-1:amd64	1.18.0-3	amd64
libcanberra0:amd64	0.30-18ubuntu3	amd64
libcap-ng0:amd64	0.8.5-4build5	amd64
libcap2-bin	1:2.75-10ubuntu2	amd64
libcap2:amd64	1:2.75-10ubuntu2	amd64
libcbor0.10:amd64	0.10.2-2ubuntu3	amd64
libcc1-0:amd64	16-20260322-1ubuntu1	amd64
libcddb2	1.3.2-7.1fakesync1build1	amd64
libcdio-cdda2t64:amd64	10.2+2.0.2-2	amd64
libcdio-paranoia2t64:amd64	10.2+2.0.2-2	amd64
libcdio19t64:amd64	2.2.0-4build1	amd64
libcdparanoia0:amd64	3.10.2+debian-14ubuntu2	amd64
libchromaprint1:amd64	1.6.0-2build1	amd64
libcjson1:amd64	1.7.19-2	amd64
libclang-cpp21	1:21.1.8-6ubuntu1	amd64
libclang1-21	1:21.1.8-6ubuntu1	amd64
libclone-perl:amd64	0.47-1	amd64
libcodec2-1.2:amd64	1.2.0-4	amd64
libcolord2:amd64	1.4.8-3	amd64
libcom-err2:amd64	1.47.2-3ubuntu4	amd64
libcrypt-urandom-perl	0.55-1	amd64
libcrypt1:amd64	1:4.5.1-1	amd64
libcryptsetup12:amd64	2:2.8.4-1ubuntu4	amd64
libctf-nobfd0:amd64	2.46-3ubuntu2	amd64
libctf0:amd64	2.46-3ubuntu2	amd64
libcups2t64:amd64	2.4.16-1ubuntu1	amd64
libcurl3t64-gnutls:amd64	8.18.0-1ubuntu2.1	amd64
libcurl4t64:amd64	8.18.0-1ubuntu2.1	amd64
libdata-dump-perl	1.25-1	all
libdatrie1:amd64	0.2.14-1	amd64
libdav1d7:amd64	1.5.3-1	amd64
libdb5.3t64:amd64	5.3.28+dfsg2-10ubuntu1	amd64
libdbus-1-3:amd64	1.16.2-2ubuntu4	amd64
libdc1394-25:amd64	2.2.6-6	amd64
libdconf1:amd64	0.49.0-4	amd64
libdebconfclient0:amd64	0.280ubuntu1	amd64
libdebuginfod-common	0.194-4	all
libdebuginfod1t64:amd64	0.194-4	amd64
libdecor-0-0:amd64	0.2.5-1	amd64
libdecor-0-plugin-1-gtk:amd64	0.2.5-1	amd64
libdeflate0:amd64	1.23-2ubuntu1	amd64
libdevmapper-event1.02.1:amd64	2:1.02.205-2ubuntu3	amd64
libdevmapper1.02.1:amd64	2:1.02.205-2ubuntu3	amd64
libdisplay-info3:amd64	0.3.0-1	amd64
libdouble-conversion3:amd64	3.4.0-1	amd64
libdpkg-perl	1.23.7ubuntu1	all
libdrm-amdgpu1:amd64	2.4.131-1	amd64
libdrm-common	2.4.131-1	all
libdrm-intel1:amd64	2.4.131-1	amd64
libdrm-nouveau2:amd64	2.4.131-1	amd64
libdrm-radeon1:amd64	2.4.131-1	amd64
libdrm2:amd64	2.4.131-1	amd64
libduktape207:amd64	2.7.0+tests-0ubuntu4	amd64
libdvbpsi10:amd64	1.3.3-1build2	amd64
libdvdnav4:amd64	7.0.0-2	amd64
libdvdread8t64:amd64	7.0.1-1	amd64
libdw1t64:amd64	0.194-4	amd64
libeatmydata1:amd64	131-2build1	amd64
libebml5:amd64	1.4.5-2	amd64
libedit2:amd64	3.1-20251016-1	amd64
libefiboot1t64:amd64	39-2	amd64
libefivar1t64:amd64	39-2	amd64
libegl-mesa0:amd64	26.0.3-1ubuntu1	amd64
libegl1:amd64	1.7.0-3	amd64
libelf1t64:amd64	0.194-4	amd64
libencode-locale-perl	1.05-3	all
libepoxy0:amd64	1.5.10-2build1	amd64
liberror-perl	0.17030-1	all
libevdev2:amd64	1.13.6+dfsg-1	amd64
libevemu3t64:amd64	2.7.0-4build2	amd64
libexpat1-dev:amd64	2.7.4-1	amd64
libexpat1:amd64	2.7.4-1	amd64
libext2fs2t64:amd64	1.47.2-3ubuntu4	amd64
libfaad2:amd64	2.11.2-1build1	amd64
libfakeroot:amd64	1.37.2-1	amd64
libfdisk1:amd64	2.41.3-3ubuntu2	amd64
libffi8:amd64	3.5.2-4	amd64
libfftw3-double3:amd64	3.3.10-2fakesync1build3	amd64
libfftw3-single3:amd64	3.3.10-2fakesync1build3	amd64
libfido2-1:amd64	1.16.0-2build1	amd64
libfile-basedir-perl	0.09-2	all
libfile-desktopentry-perl	0.23-1	all
libfile-fcntllock-perl	0.22-4ubuntu6	amd64
libfile-listing-perl	6.16-1	all
libfile-mimeinfo-perl	0.36-2	all
libflac14:amd64	1.5.0+ds-5	amd64
libflite1:amd64	2.2-7build1	amd64
libfluidsynth3:amd64	2.4.8+dfsg-1	amd64
libfont-afm-perl	1.20-4	all
libfontconfig1:amd64	2.17.1-3ubuntu1	amd64
libfontenc1:amd64	1:1.1.8-1build2	amd64
libfreeaptx0:amd64	0.2.2-1build1	amd64
libfreetype6:amd64	2.14.2+dfsg-1	amd64
libfribidi0:amd64	1.0.16-5	amd64
libfuse3-4:amd64	3.18.2-1	amd64
libfyaml0:amd64	0.9.4-1	amd64
libgbm1:amd64	26.0.3-1ubuntu1	amd64
libgcc-15-dev:amd64	15.2.0-16ubuntu1	amd64
libgcc-s1:amd64	16-20260322-1ubuntu1	amd64
libgcrypt20:amd64	1.12.0-2ubuntu0.1	amd64
libgdbm-compat4t64:amd64	1.26-1build1	amd64
libgdbm6t64:amd64	1.26-1build1	amd64
libgdk-pixbuf-2.0-0:amd64	2.44.5+dfsg-4ubuntu1	amd64
libgdk-pixbuf2.0-common	2.44.5+dfsg-4ubuntu1	all
libgif7:amd64	5.2.2-1ubuntu3	amd64
libgirepository-2.0-0:amd64	2.88.0-1	amd64
libgl1-mesa-dri:amd64	26.0.3-1ubuntu1	amd64
libgl1:amd64	1.7.0-3	amd64
libgles2:amd64	1.7.0-3	amd64
libglib2.0-0t64:amd64	2.88.0-1	amd64
libglib2.0-bin	2.88.0-1	amd64
libglib2.0-data	2.88.0-1	all
libglibmm-2.4-1t64:amd64	2.66.8-3	amd64
libglibmm-2.68-1t64:amd64	2.86.0-7	amd64
libglu1-mesa:amd64	9.0.2-1.1build2	amd64
libglvnd0:amd64	1.7.0-3	amd64
libglx-mesa0:amd64	26.0.3-1ubuntu1	amd64
libglx0:amd64	1.7.0-3	amd64
libglycin-2-0:amd64	2.1.1+ds-0ubuntu1	amd64
libgme0:amd64	0.6.4-1	amd64
libgmp10:amd64	2:6.3.0+dfsg-5ubuntu2	amd64
libgnutls30t64:amd64	3.8.12-2ubuntu1.1	amd64
libgomp1:amd64	16-20260322-1ubuntu1	amd64
libgpg-error0:amd64	1.58-2	amd64
libgpm2:amd64	1.20.7-12build1	amd64
libgprofng0:amd64	2.46-3ubuntu2	amd64
libgraphene-1.0-0:amd64	1.10.8-5build1	amd64
libgraphite2-3:amd64	1.3.14-11ubuntu1	amd64
libgs-common	10.06.0~dfsg-3ubuntu1	all
libgs10-common	10.06.0~dfsg-3ubuntu1	all
libgs10:amd64	10.06.0~dfsg-3ubuntu1	amd64
libgsm1:amd64	1.0.23-2	amd64
libgssapi-krb5-2:amd64	1.22.1-2ubuntu4	amd64
libgstreamer-gl1.0-0:amd64	1.28.2-1	amd64
libgstreamer-plugins-base1.0-0:amd64	1.28.2-1	amd64
libgstreamer-plugins-extra1.0-0:amd64	1.28.2-1ubuntu1	amd64
libgstreamer1.0-0:amd64	1.28.2-1	amd64
libgtk-3-0t64:amd64	3.24.52-0ubuntu1	amd64
libgtk-3-bin	3.24.52-0ubuntu1	amd64
libgtk-3-common	3.24.52-0ubuntu1	all
libgtk-4-1:amd64	4.22.2+ds-1ubuntu1	amd64
libgtk-4-bin	4.22.2+ds-1ubuntu1	amd64
libgtk-4-common	4.22.2+ds-1ubuntu1	all
libgtkmm-3.0-1t64:amd64	3.24.10-2	amd64
libgtkmm-4.0-0:amd64	4.20.0-1build1	amd64
libgudev-1.0-0:amd64	1:238-7build1	amd64
libharfbuzz-subset0:amd64	12.3.2-2	amd64
libharfbuzz0b:amd64	12.3.2-2	amd64
libheif-plugin-aomdec:amd64	1.21.2-3	amd64
libheif-plugin-aomenc:amd64	1.21.2-3	amd64
libheif1:amd64	1.21.2-3	amd64
libhidapi-hidraw0:amd64	0.15.0-2	amd64
libhidapi-libusb0:amd64	0.15.0-2	amd64
libhogweed6t64:amd64	3.10.2-1	amd64
libhtml-form-perl	6.13-1build1	all
libhtml-format-perl	2.16-2	all
libhtml-parser-perl:amd64	3.83-1build1	amd64
libhtml-tagset-perl	3.24-1	all
libhtml-tree-perl	5.07-3	all
libhttp-cookies-perl	6.11-1	all
libhttp-daemon-perl	6.16-1	all
libhttp-date-perl	6.06-1	all
libhttp-message-perl	7.01-1ubuntu1	all
libhttp-negotiate-perl	6.01-2	all
libhwasan0:amd64	16-20260322-1ubuntu1	amd64
libhwy1t64:amd64	1.3.0-2	amd64
libibus-1.0-5:amd64	1.5.34~rc2-1	amd64
libice6:amd64	2:1.1.1-1build1	amd64
libicu78:amd64	78.2-2ubuntu1	amd64
libid3tag0:amd64	0.16.3-4	amd64
libidn12:amd64	1.43-2build1	amd64
libidn2-0:amd64	2.3.8-4build1	amd64
libiec61883-0:amd64	1.2.0-8	amd64
libijs-0.35:amd64	0.35-16	amd64
libimlib2t64:amd64	1.12.6-1	amd64
libimobiledevice-1.0-6:amd64	1.4.0-1build1	amd64
libimobiledevice-glue-1.0-0	1.3.2-2build1	amd64
libinih1:amd64	61-1ubuntu1	amd64
libinput-bin	1.31.1-1	amd64
libinput10:amd64	1.31.1-1	amd64
libinstpatch-1.0-2:amd64	1.1.7-1.1	amd64
libintl-perl	1.37-1	all
libintl-xs-perl	1.37-1	amd64
libio-html-perl	1.004-3	all
libio-socket-ssl-perl	2.098-1	all
libio-stringy-perl	2.113-2	all
libipc-system-simple-perl	1.30-2	all
libisl23:amd64	0.27-1build1	amd64
libisns0t64:amd64	0.101-2.1	amd64
libitm1:amd64	16-20260322-1ubuntu1	amd64
libixml11t64:amd64	1:1.14.25-1ubuntu1	amd64
libjack-jackd2-0:amd64	1.9.22~dfsg-5build1	amd64
libjansson4:amd64	2.14-2build4	amd64
libjbig0:amd64	2.1-6.1ubuntu3	amd64
libjbig2dec0:amd64	0.20-1build4	amd64
libjemalloc2:amd64	5.3.0-4	amd64
libjpeg-turbo8:amd64	2.1.5-4ubuntu4	amd64
libjpeg8:amd64	8c-2ubuntu12	amd64
libjq1:amd64	1.8.1-4ubuntu2	amd64
libjs-sphinxdoc	8.2.3-12	all
libjson-c5:amd64	0.18+ds-3	amd64
libjson-glib-1.0-0:amd64	1.10.8+ds-2	amd64
libjson-glib-1.0-common	1.10.8+ds-2	all
libjsoncpp26:amd64	1.9.6-5	amd64
libjxl0.11:amd64	0.11.1-6ubuntu4	amd64
libk5crypto3:amd64	1.22.1-2ubuntu4	amd64
libkate1:amd64	0.4.1-12	amd64
libkeyutils1:amd64	1.6.3-6ubuntu3	amd64
libklibc:amd64	2.0.14-1ubuntu2	amd64
libkmod2:amd64	34.2-2ubuntu2	amd64
libkrb5-3:amd64	1.22.1-2ubuntu4	amd64
libkrb5support0:amd64	1.22.1-2ubuntu4	amd64
libksba8:amd64	1.6.7-2build1	amd64
liblc3-1:amd64	1.1.3+dfsg-1build1	amd64
liblcms2-2:amd64	2.17-1ubuntu0.2	amd64
libldacbt-abr2:amd64	2.0.2.3+git20200429+ed310a0-5build1	amd64
libldacbt-enc2:amd64	2.0.2.3+git20200429+ed310a0-5build1	amd64
libldap-common	2.6.10+dfsg-1ubuntu5	all
libldap2:amd64	2.6.10+dfsg-1ubuntu5	amd64
libldb2:amd64	2:2.11.0+samba4.23.6+dfsg-1ubuntu2.1	amd64
liblerc4:amd64	4.0.0+ds-5ubuntu2	amd64
liblightdm-gobject-1-0:amd64	1.32.0-6ubuntu4	amd64
liblilv-0-0:amd64	0.26.2-1	amd64
liblirc-client0t64:amd64	0.10.2-0.10ubuntu1	amd64
libllvm21:amd64	1:21.1.8-6ubuntu1	amd64
liblmdb0:amd64	0.9.31-1build2	amd64
liblocale-gettext-perl	1.07-8	amd64
liblsan0:amd64	16-20260322-1ubuntu1	amd64
liblsof0	4.99.4+dfsg-2build2	amd64
libltdl7:amd64	2.5.4-9	amd64
liblua5.2-0:amd64	5.2.4-4	amd64
liblua5.4-0:amd64	5.4.8-1build1	amd64
liblvm2cmd2.03:amd64	2.03.31-2ubuntu3	amd64
liblwp-mediatypes-perl	6.04-2	all
liblwp-protocol-https-perl	6.14-1	all
liblz4-1:amd64	1.10.0-8	amd64
liblzma5:amd64	5.8.3-1	amd64
liblzo2-2:amd64	2.10-3build2	amd64
libmagic-mgc	1:5.46-5build2	amd64
libmagic1t64:amd64	1:5.46-5build2	amd64
libmailtools-perl	2.22-1	all
libmatroska7:amd64	1.7.1-2	amd64
libmaxminddb0:amd64	1.12.2-1build2	amd64
libmbedcrypto16:amd64	3.6.5-0.1ubuntu2	amd64
libmd0:amd64	1.1.0-2build4	amd64
libmd4c0:amd64	0.5.2-2build1	amd64
libmnl0:amd64	1.0.5-3build1	amd64
libmodule-find-perl	0.17-1	all
libmount1:amd64	2.41.3-3ubuntu2	amd64
libmp3lame0:amd64	3.101~svn6525+dfsg-2	amd64
libmpathcmd0	0.14.3-2ubuntu1	amd64
libmpathpersist0	0.14.3-2ubuntu1	amd64
libmpc3:amd64	1.3.1-3	amd64
libmpcdec6:amd64	2:0.1~r495-3build1	amd64
libmpfr6:amd64	4.2.2-3	amd64
libmpg123-0t64:amd64	1.33.3-2	amd64
libmtdev1t64:amd64	1.1.7-1build1	amd64
libmtp-common	1.1.22-1ubuntu1	all
libmtp-runtime	1.1.22-1ubuntu1	amd64
libmtp9t64:amd64	1.1.22-1ubuntu1	amd64
libmujs3:amd64	1.3.8-2	amd64
libmultipath0	0.14.3-2ubuntu1	amd64
libmysofa1:amd64	1.3.3+dfsg-1ubuntu2	amd64
libncurses6:amd64	6.6+20251231-1	amd64
libncursesw6:amd64	6.6+20251231-1	amd64
libnet-dbus-perl	1.2.0-2build4	amd64
libnet-http-perl	6.24-1build1	all
libnet-smtp-ssl-perl	1.04-2	all
libnet-ssleay-perl:amd64	1.94-3	amd64
libnetplan1:amd64	1.2-1ubuntu5	amd64
libnettle8t64:amd64	3.10.2-1	amd64
libnfs14:amd64	5.0.2-1ubuntu1	amd64
libnghttp2-14:amd64	1.68.0-2ubuntu0.1	amd64
libnl-3-200:amd64	3.12.0-2	amd64
libnl-genl-3-200:amd64	3.12.0-2	amd64
libnorm1t64:amd64	1.5.9+dfsg-4	amd64
libnotify4:amd64	0.8.8-1	amd64
libnpth0t64:amd64	1.8-3build1	amd64
libnspr4:amd64	2:4.38.2-1ubuntu1	amd64
libnss-systemd:amd64	259.5-0ubuntu3	amd64
libnss3:amd64	2:3.120-1ubuntu2	amd64
libnuma1:amd64	2.0.19-1build1	amd64
libobrender32	3.6.1-12ubuntu3	amd64
libobt2:amd64	3.6.1-12ubuntu3	amd64
libogg0:amd64	1.3.6-2	amd64
libonig5:amd64	6.9.10-1build1	amd64
libopenal-data	1:1.25.1-2	all
libopenal1:amd64	1:1.25.1-2	amd64
libopengl0:amd64	1.7.0-3	amd64
libopeniscsiusr	2.1.11-3ubuntu3	amd64
libopenjp2-7:amd64	2.5.4-1ubuntu0.1	amd64
libopenmpt-modplug1:amd64	0.8.9.0-openmpt1-2build3	amd64
libopenmpt0t64:amd64	0.8.4-1	amd64
libopus0:amd64	1.6.1-1	amd64
libopusfile0:amd64	0.12-4build4	amd64
liborc-0.4-0t64:amd64	1:0.4.42-2	amd64
libp11-kit0:amd64	0.26.2-2	amd64
libpackagekit-glib2-18:amd64	1.3.4-3ubuntu1	amd64
libpam-cap:amd64	1:2.75-10ubuntu2	amd64
libpam-modules-bin	1.7.0-5ubuntu3	amd64
libpam-modules:amd64	1.7.0-5ubuntu3	amd64
libpam-runtime	1.7.0-5ubuntu3	all
libpam-systemd:amd64	259.5-0ubuntu3	amd64
libpam0g:amd64	1.7.0-5ubuntu3	amd64
libpango-1.0-0:amd64	1.57.0-1	amd64
libpangocairo-1.0-0:amd64	1.57.0-1	amd64
libpangoft2-1.0-0:amd64	1.57.0-1	amd64
libpangomm-1.4-1v5:amd64	2.46.4-2	amd64
libpangomm-2.48-1t64:amd64	2.56.1-2	amd64
libpangoxft-1.0-0:amd64	1.57.0-1	amd64
libpaper-utils	2.2.5-0.3maysync1	amd64
libpaper2:amd64	2.2.5-0.3maysync1	amd64
libpci3:amd64	1:3.14.0-1build2	amd64
libpciaccess0:amd64	0.18.1-1ubuntu4	amd64
libpcre2-16-0:amd64	10.46-1build1	amd64
libpcre2-8-0:amd64	10.46-1build1	amd64
libperl5.40:amd64	5.40.1-7build1	amd64
libpgm-5.3-0t64:amd64	5.3.128~dfsg-2.1build2	amd64
libpipeline1:amd64	1.5.8-2	amd64
libpipewire-0.3-0t64:amd64	1.6.2-1ubuntu1	amd64
libpipewire-0.3-common	1.6.2-1ubuntu1	all
libpipewire-0.3-modules:amd64	1.6.2-1ubuntu1	amd64
libpixman-1-0:amd64	0.46.4-1	amd64
libpkgconf7:amd64	2.5.1-4	amd64
libplacebo360:amd64	7.360.0-3	amd64
libplist-2.0-4:amd64	2.7.0+git20250820-1build1	amd64
libplymouth5:amd64	24.004.60+git20250831.4a3c171d-0ubuntu8	amd64
libpng16-16t64:amd64	1.6.57-1	amd64
libpolkit-agent-1-0:amd64	127-2ubuntu1	amd64
libpolkit-gobject-1-0:amd64	127-2ubuntu1	amd64
libpopt0:amd64	1.19+dfsg-2build1	amd64
libproc-processtable-perl:amd64	0.637-1	amd64
libproc2-0:amd64	2:4.0.4-9ubuntu1	amd64
libprotobuf-lite32t64:amd64	3.21.12-15ubuntu1	amd64
libproxy-tools	0.5.12-1	amd64
libproxy1v5:amd64	0.5.12-1	amd64
libpsl5t64:amd64	0.21.2-1.1build2	amd64
libpulse-mainloop-glib0:amd64	1:17.0+dfsg1-2ubuntu4	amd64
libpulse0:amd64	1:17.0+dfsg1-2ubuntu4	amd64
libpulsedsp:amd64	1:17.0+dfsg1-2ubuntu4	amd64
libpython3-dev:amd64	3.14.3-0ubuntu2	amd64
libpython3-stdlib:amd64	3.14.3-0ubuntu2	amd64
libpython3.14-dev:amd64	3.14.4-1	amd64
libpython3.14-minimal:amd64	3.14.4-1	amd64
libpython3.14-stdlib:amd64	3.14.4-1	amd64
libpython3.14:amd64	3.14.4-1	amd64
libqt5core5t64:amd64	5.15.18+dfsg-1ubuntu1	amd64
libqt5dbus5t64:amd64	5.15.18+dfsg-1ubuntu1	amd64
libqt5gui5t64:amd64	5.15.18+dfsg-1ubuntu1	amd64
libqt5network5t64:amd64	5.15.18+dfsg-1ubuntu1	amd64
libqt5qml5:amd64	5.15.18+dfsg-2	amd64
libqt5qmlmodels5:amd64	5.15.18+dfsg-2	amd64
libqt5quick5:amd64	5.15.18+dfsg-2	amd64
libqt5svg5:amd64	5.15.18-1	amd64
libqt5waylandclient5:amd64	5.15.18-1	amd64
libqt5waylandcompositor5:amd64	5.15.18-1	amd64
libqt5widgets5t64:amd64	5.15.18+dfsg-1ubuntu1	amd64
libqt5x11extras5:amd64	5.15.18-1	amd64
libquadmath0:amd64	16-20260322-1ubuntu1	amd64
librabbitmq4:amd64	0.15.0-1build2	amd64
librav1e0.8:amd64	0.8.1-7	amd64
libraw1394-11:amd64	2.1.2-2build4	amd64
libreadline8t64:amd64	8.3-4	amd64
libresid-builder0c2a:amd64	2.1.1-16build1	amd64
librhash1:amd64	1.4.6-1.1	amd64
librist4:amd64	0.2.11+dfsg-1build1	amd64
libroc0.4:amd64	0.4.0+dfsg-5ubuntu3	amd64
librsvg2-2:amd64	2.61.3+dfsg-3	amd64
librsvg2-common:amd64	2.61.3+dfsg-3	amd64
librtmp1:amd64	2.4+20151223.gitfa8646d.1-3	amd64
librubberband3:amd64	4.0.0+dfsg-2ubuntu1	amd64
libsamplerate0:amd64	0.2.2-4build2	amd64
libsasl2-2:amd64	2.1.28+dfsg1-9ubuntu3	amd64
libsasl2-modules-db:amd64	2.1.28+dfsg1-9ubuntu3	amd64
libsasl2-modules:amd64	2.1.28+dfsg1-9ubuntu3	amd64
libsbc1:amd64	2.1-1build1	amd64
libsdl2-2.0-0:amd64	2.32.10+dfsg-6	amd64
libsdl2-classic:amd64	2.32.10+dfsg-6	amd64
libsdl2-image-2.0-0:amd64	2.8.8+dfsg-2	amd64
libsdl2-mixer-2.0-0:amd64	2.8.1+dfsg-5	amd64
libsdl2-ttf-2.0-0:amd64	2.24.0+dfsg-3	amd64
libsdl3-0:amd64	3.4.2+ds-1ubuntu1	amd64
libseccomp2:amd64	2.6.0-2ubuntu5	amd64
libsecret-1-0:amd64	0.21.7-2build1	amd64
libsecret-common	0.21.7-2build1	all
libselinux1:amd64	3.9-4build1	amd64
libsemanage-common	3.9-1build1	all
libsemanage2:amd64	3.9-1build1	amd64
libsensors-config	1:3.6.2-2build1	all
libsensors5:amd64	1:3.6.2-2build1	amd64
libsepol2:amd64	3.9-2	amd64
libserd-0-0:amd64	0.32.6-1	amd64
libsframe3:amd64	2.46-3ubuntu2	amd64
libsgutils2-1.48:amd64	1.48-3ubuntu3	amd64
libsharpyuv0:amd64	1.5.0-0.1build1	amd64
libshine3:amd64	3.1.1-3build1	amd64
libshout3:amd64	2.4.6-1build3	amd64
libsidplay2:amd64	2.1.1-16build1	amd64
libsigc++-2.0-0v5:amd64	2.12.1-4build1	amd64
libsigc++-3.0-0:amd64	3.6.0-2build1	amd64
libsixel1:amd64	1.10.5-1build1	amd64
libslang2:amd64	2.3.3-5build1	amd64
libsm6:amd64	2:1.2.6-1build1	amd64
libsmartcols1:amd64	2.41.3-3ubuntu2	amd64
libsmbclient0:amd64	2:4.23.6+dfsg-1ubuntu2.1	amd64
libsnapd-glib-2-1:amd64	1.72-0ubuntu3	amd64
libsnappy1v5:amd64	1.2.2-2	amd64
libsndfile1:amd64	1.2.2-4	amd64
libsndio7.0:amd64	1.10.0-0.2	amd64
libsodium23:amd64	1.0.18-2	amd64
libsord-0-0:amd64	0.16.20-1	amd64
libsort-naturally-perl	1.03-4	all
libsoup-3.0-0:amd64	3.6.6-1	amd64
libsoup-3.0-common	3.6.6-1	all
libsoxr0:amd64	0.1.3-4.1	amd64
libspa-0.2-bluetooth:amd64	1.6.2-1ubuntu1	amd64
libspa-0.2-modules:amd64	1.6.2-1ubuntu1	amd64
libspatialaudio0t64:amd64	0.3.0+git20180730+dfsg1-3	amd64
libspectre1:amd64	0.2.12-2	amd64
libspeex1:amd64	1.2.1-3build1	amd64
libspeexdsp1:amd64	1.2.1-3build1	amd64
libsqlite3-0:amd64	3.46.1-9	amd64
libsratom-0-0:amd64	0.6.20-1	amd64
libsrt1.5-gnutls:amd64	1.5.4-3	amd64
libss2:amd64	1.47.2-3ubuntu4	amd64
libssh-4:amd64	0.11.3-1ubuntu1	amd64
libssh2-1t64:amd64	1.11.1-1ubuntu0.26.04.1	amd64
libssl3t64:amd64	3.5.5-1ubuntu3	amd64
libstartup-notification0:amd64	0.12-8build1	amd64
libstdc++-15-dev:amd64	15.2.0-16ubuntu1	amd64
libstdc++6:amd64	16-20260322-1ubuntu1	amd64
libstemmer0d:amd64	3.0.1-1	amd64
libsvtav1enc2:amd64	2.3.0+dfsg-1build1	amd64
libswresample6:amd64	7:8.0.1-3ubuntu2	amd64
libswscale9:amd64	7:8.0.1-3ubuntu2	amd64
libsystemd-shared:amd64	259.5-0ubuntu3	amd64
libsystemd0:amd64	259.5-0ubuntu3	amd64
libtag2:amd64	2.2.1-3	amd64
libtalloc2:amd64	2:2.4.3+samba4.23.6+dfsg-1ubuntu2.1	amd64
libtasn1-6:amd64	4.21.0-2	amd64
libtcl8.6:amd64	8.6.17+dfsg-1build1	amd64
libtdb1:amd64	2:1.4.14+samba4.23.6+dfsg-1ubuntu2.1	amd64
libterm-readkey-perl	2.38-2build5	amd64
libtevent0t64:amd64	2:0.17.1+samba4.23.6+dfsg-1ubuntu2.1	amd64
libtext-charwidth-perl:amd64	0.04-11build4	amd64
libtext-iconv-perl:amd64	1.7-8.1	amd64
libtext-wrapi18n-perl	0.06-10	all
libthai-data	0.1.30-1	all
libthai0:amd64	0.1.30-1	amd64
libtheora1:amd64	1.2.0+dfsg-6	amd64
libtheoradec2:amd64	1.2.0+dfsg-6	amd64
libtheoraenc2:amd64	1.2.0+dfsg-6	amd64
libtie-ixhash-perl	1.23-4	all
libtiff6:amd64	4.7.0-3ubuntu4	amd64
libtimedate-perl	2.3300-2	all
libtinfo6:amd64	6.6+20251231-1	amd64
libtirpc-common	1.3.7-0.1	all
libtirpc3t64:amd64	1.3.7-0.1	amd64
libtk8.6:amd64	8.6.17-1build1	amd64
libtraceevent1:amd64	1:1.8.7-1	amd64
libtry-tiny-perl	0.32-1	all
libtsan2:amd64	16-20260322-1ubuntu1	amd64
libtwolame0:amd64	0.4.0-2build4	amd64
libubsan1:amd64	16-20260322-1ubuntu1	amd64
libuchardet0:amd64	0.0.8-2	amd64
libudev1:amd64	259.5-0ubuntu3	amd64
libudfread3:amd64	1.2.0-2	amd64
libunibreak6:amd64	6.1-3build1	amd64
libunistring5:amd64	1.3-2build1	amd64
libunwind8:amd64	1.8.3-0ubuntu1	amd64
libupnp17t64:amd64	1:1.14.25-1ubuntu1	amd64
libupower-glib3:amd64	1.91.1-1	amd64
liburcu8t64:amd64	0.15.6-1	amd64
liburi-perl	5.34-2build1	all
libusb-1.0-0:amd64	2:1.0.29-2build1	amd64
libusbmuxd-2.0-7:amd64	2.1.1-1	amd64
libutempter0:amd64	1.2.1-4build1	amd64
libuuid1:amd64	2.41.3-3ubuntu2	amd64
libuv1t64:amd64	1.51.0-2ubuntu1	amd64
libva-drm2:amd64	2.23.0-1ubuntu1	amd64
libva-wayland2:amd64	2.23.0-1ubuntu1	amd64
libva-x11-2:amd64	2.23.0-1ubuntu1	amd64
libva2:amd64	2.23.0-1ubuntu1	amd64
libvdpau1:amd64	1.5-4	amd64
libvidstab1.1:amd64	1.1.0-2.1	amd64
libvisual-0.4-0:amd64	0.4.2-4	amd64
libvlc-bin:amd64	3.0.23-1	amd64
libvlc5:amd64	3.0.23-1	amd64
libvlccore9:amd64	3.0.23-1	amd64
libvncclient1:amd64	0.9.15+dfsg-3	amd64
libvorbis0a:amd64	1.3.7-3build2	amd64
libvorbisenc2:amd64	1.3.7-3build2	amd64
libvorbisfile3:amd64	1.3.7-3build2	amd64
libvpl2	1:2.16.0-1	amd64
libvpx12:amd64	1.16.0-3	amd64
libvulkan1:amd64	1.4.341.0-1	amd64
libwacom-common	2.18.0-1	all
libwacom9:amd64	2.18.0-1	amd64
libwayland-client0:amd64	1.24.0-2	amd64
libwayland-cursor0:amd64	1.24.0-2	amd64
libwayland-egl1:amd64	1.24.0-2	amd64
libwayland-server0:amd64	1.24.0-2	amd64
libwbclient0:amd64	2:4.23.6+dfsg-1ubuntu2.1	amd64
libwebp7:amd64	1.5.0-0.1build1	amd64
libwebpdemux2:amd64	1.5.0-0.1build1	amd64
libwebpmux3:amd64	1.5.0-0.1build1	amd64
libwebrtc-audio-processing-1-3:amd64	1.3-3build2	amd64
libwebsockets-evlib-uv:amd64	4.3.5-3ubuntu1	amd64
libwebsockets19t64:amd64	4.3.5-3ubuntu1	amd64
libwireplumber-0.5-0:amd64	0.5.13-1ubuntu1	amd64
libwrap0:amd64	7.6.q-36build2	amd64
libwww-perl	6.81-1build1	all
libwww-robotrules-perl	6.02-1build1	all
libx11-6:amd64	2:1.8.13-1	amd64
libx11-data	2:1.8.13-1	all
libx11-protocol-perl	0.56-9	all
libx11-xcb1:amd64	2:1.8.13-1	amd64
libx264-165:amd64	2:0.165.3222+gitb35605ac-3build1	amd64
libx265-215:amd64	4.1-4	amd64
libxau6:amd64	1:1.0.11-1build2	amd64
libxaw7:amd64	2:1.0.16-1build1	amd64
libxcb-composite0:amd64	1.17.0-2ubuntu1	amd64
libxcb-damage0:amd64	1.17.0-2ubuntu1	amd64
libxcb-dri2-0:amd64	1.17.0-2ubuntu1	amd64
libxcb-dri3-0:amd64	1.17.0-2ubuntu1	amd64
libxcb-glx0:amd64	1.17.0-2ubuntu1	amd64
libxcb-icccm4:amd64	0.4.2-1build1	amd64
libxcb-image0:amd64	0.4.0-2build2	amd64
libxcb-keysyms1:amd64	0.4.1-1build1	amd64
libxcb-present0:amd64	1.17.0-2ubuntu1	amd64
libxcb-randr0:amd64	1.17.0-2ubuntu1	amd64
libxcb-render-util0:amd64	0.3.10-1build1	amd64
libxcb-render0:amd64	1.17.0-2ubuntu1	amd64
libxcb-shape0:amd64	1.17.0-2ubuntu1	amd64
libxcb-shm0:amd64	1.17.0-2ubuntu1	amd64
libxcb-sync1:amd64	1.17.0-2ubuntu1	amd64
libxcb-util1:amd64	0.4.1-1build1	amd64
libxcb-xfixes0:amd64	1.17.0-2ubuntu1	amd64
libxcb-xinerama0:amd64	1.17.0-2ubuntu1	amd64
libxcb-xinput0:amd64	1.17.0-2ubuntu1	amd64
libxcb-xkb1:amd64	1.17.0-2ubuntu1	amd64
libxcb-xv0:amd64	1.17.0-2ubuntu1	amd64
libxcb1:amd64	1.17.0-2ubuntu1	amd64
libxcomposite1:amd64	1:0.4.6-1build1	amd64
libxcursor1:amd64	1:1.2.3-1build1	amd64
libxcvt0:amd64	0.1.3-1build1	amd64
libxdamage1:amd64	1:1.1.7-1	amd64
libxdmcp6:amd64	1:1.1.5-2	amd64
libxdo3:amd64	1:3.20160805.1-5.1build1	amd64
libxext6:amd64	2:1.3.4-1build3	amd64
libxfixes3:amd64	1:6.0.0-2build2	amd64
libxfont2:amd64	1:2.0.6-2	amd64
libxft2:amd64	2.3.6-1build2	amd64
libxi6:amd64	2:1.8.2-2	amd64
libxinerama1:amd64	2:1.1.4-3build2	amd64
libxkbcommon-x11-0:amd64	1.13.1-1	amd64
libxkbcommon0:amd64	1.13.1-1	amd64
libxkbfile1:amd64	1:1.1.0-1build5	amd64
libxklavier16:amd64	5.4-6build1	amd64
libxml-parser-perl	2.47-1ubuntu1	amd64
libxml-twig-perl	1:3.54-1build1	all
libxml-xpathengine-perl	0.14-2	all
libxml2-16:amd64	2.15.2+dfsg-0.1	amd64
libxmlb2:amd64	0.3.24-2	amd64
libxmp4:amd64	4.6.3-1	amd64
libxmu6:amd64	2:1.1.3-4	amd64
libxmuu1:amd64	2:1.1.3-4	amd64
libxpm4:amd64	1:3.5.17-1build3	amd64
libxpresent1:amd64	1.0.1-1build1	amd64
libxrandr2:amd64	2:1.5.4-1build1	amd64
libxrender1:amd64	1:0.9.12-1build1	amd64
libxres1:amd64	2:1.2.1-1build2	amd64
libxshmfence1:amd64	1.3.3-1build1	amd64
libxss1:amd64	1:1.2.3-1build4	amd64
libxt6t64:amd64	1:1.2.1-1.3build1	amd64
libxtables12:amd64	1.8.11-2ubuntu3	amd64
libxtst6:amd64	2:1.2.5-1build1	amd64
libxv1:amd64	2:1.0.13-1	amd64
libxvidcore4:amd64	2:1.3.7-3	amd64
libxvmc1:amd64	2:1.0.12-2build4	amd64
libxxf86dga1:amd64	2:1.1.5-1build2	amd64
libxxf86vm1:amd64	1:1.1.4-2	amd64
libxxhash0:amd64	0.8.3-2build1	amd64
libyaml-0-2:amd64	0.2.5-2build3	amd64
libzimg2:amd64	3.0.6+ds1-1	amd64
libzix-0-0:amd64	0.8.0-1	amd64
libzmq5:amd64	4.3.5-1build3	amd64
libzstd1:amd64	1.5.7+dfsg-3	amd64
libzvbi-common	0.2.44-1ubuntu2	all
libzvbi0t64:amd64	0.2.44-1ubuntu2	amd64
lightdm	1.32.0-6ubuntu4	amd64
lightdm-gtk-greeter	2.0.9-0ubuntu3.1	amd64
linux-base	4.15ubuntu5	all
linux-firmware	20260319.git217ca6e4.1ubuntu	all
linux-firmware-amd-graphics	20260319.git217ca6e4-0ubuntu3	all
linux-firmware-amd-misc	20260319.git217ca6e4-0ubuntu1	all
linux-firmware-broadcom-wireless	20260319.git217ca6e4-0ubuntu1	all
linux-firmware-intel-graphics	20260319.git217ca6e4-0ubuntu2	all
linux-firmware-intel-misc	20260319.git217ca6e4-0ubuntu1	all
linux-firmware-intel-wireless	20260319.git217ca6e4-0ubuntu2	all
linux-firmware-marvell-prestera	20260319.git217ca6e4-0ubuntu1	all
linux-firmware-marvell-wireless	20260319.git217ca6e4-0ubuntu1	all
linux-firmware-mediatek	20260319.git217ca6e4-0ubuntu1	all
linux-firmware-mellanox-spectrum	20260319.git217ca6e4-0ubuntu1	all
linux-firmware-misc	20260319.git217ca6e4-0ubuntu2	all
linux-firmware-netronome	20260319.git217ca6e4-0ubuntu1	all
linux-firmware-nvidia-graphics	20260319.git217ca6e4-0ubuntu1	all
linux-firmware-qlogic	20260319.git217ca6e4-0ubuntu1	all
linux-firmware-qualcomm-graphics	20260319.git217ca6e4-0ubuntu1	all
linux-firmware-qualcomm-misc	20260319.git217ca6e4-0ubuntu2	all
linux-firmware-qualcomm-wireless	20260319.git217ca6e4-0ubuntu1	all
linux-firmware-realtek	20260319.git217ca6e4-0ubuntu1	all
linux-generic	7.0.0-22.22	amd64
linux-headers-7.0.0-22	7.0.0-22.22	all
linux-headers-7.0.0-22-generic	7.0.0-22.22	amd64
linux-headers-generic	7.0.0-22.22	amd64
linux-image-7.0.0-22-generic	7.0.0-22.22	amd64
linux-image-generic	7.0.0-22.22	amd64
linux-image-unsigned-7.0.0-14-generic	7.0.0-14.14	amd64
linux-libc-dev:amd64	7.0.0-22.22	amd64
linux-main-modules-zfs-7.0.0-14-generic	7.0.0-14.14+3	amd64
linux-main-modules-zfs-7.0.0-22-generic	7.0.0-22.22	amd64
linux-modules-7.0.0-14-generic	7.0.0-14.14	amd64
linux-modules-7.0.0-22-generic	7.0.0-22.22	amd64
linux-perf	7.0.0-22.22	amd64
linux-sysctl-defaults	4.15ubuntu5	all
linux-tools-7.0.0-22	7.0.0-22.22	amd64
linux-tools-7.0.0-22-generic	7.0.0-22.22	amd64
linux-tools-common	7.0.0-22.22	all
locales	2.43-2ubuntu2	all
login	1:4.16.0-2+really2.41.3-3ubuntu2	amd64
login.defs	1:4.17.4-2ubuntu3	all
logsave	1.47.2-3ubuntu4	amd64
lsb-base	11.6build1	all
lsb-release	12.1-2build1	all
lsof	4.99.4+dfsg-2build2	amd64
lto-disabled-list	79	all
luit	2.0.20250912-1	amd64
lvm2	2.03.31-2ubuntu3	amd64
lxd-installer	14ubuntu0	all
make	4.4.1-3	amd64
makedumpfile	1:1.7.7-1	amd64
man-db	2.13.1-1build1	amd64
manpages	6.17-1	all
manpages-dev	6.17-1	all
mawk	1.3.4.20260129-1	amd64
mdadm	4.5-5ubuntu1	amd64
media-types	14.0.0build1	all
mesa-libgallium:amd64	26.0.3-1ubuntu1	amd64
mesa-utils	9.0.0-2build1	amd64
mesa-utils-bin:amd64	9.0.0-2build1	amd64
mesa-vulkan-drivers:amd64	26.0.3-1ubuntu1	amd64
mokutil	0.7.2-2	amd64
mount	2.41.3-3ubuntu2	amd64
mpv	0.41.0-2ubuntu4	amd64
multipath-tools	0.14.3-2ubuntu1	amd64
nano	8.7.1-1	amd64
ncurses-base	6.6+20251231-1	all
ncurses-bin	6.6+20251231-1	amd64
ncurses-term	6.6+20251231-1	all
needrestart	3.11-1ubuntu2	all
net-tools	2.10-2ubuntu1	amd64
netbase	6.5build1	all
netcat-openbsd	1.234-1	amd64
netplan-generator	1.2-1ubuntu5	amd64
netplan.io	1.2-1ubuntu5	amd64
networkd-dispatcher	2.2.4-1.1ubuntu1	all
nginx	1.28.3-2ubuntu1.1	amd64
nginx-common	1.28.3-2ubuntu1.1	all
ninja-build	1.13.2-1	amd64
obconf	1:2.0.4+git20150213-3build4	amd64
ocl-icd-libopencl1:amd64	2.3.4-1	amd64
open-iscsi	2.1.11-3ubuntu3	amd64
openbox	3.6.1-12ubuntu3	amd64
openssh-client	1:10.2p1-2ubuntu3.2	amd64
openssh-server	1:10.2p1-2ubuntu3.2	amd64
openssh-sftp-server	1:10.2p1-2ubuntu3.2	amd64
openssl	3.5.5-1ubuntu3	amd64
openssl-provider-legacy	3.5.5-1ubuntu3	amd64
os-prober	1.84ubuntu1	amd64
packagekit	1.3.4-3ubuntu1	amd64
passwd	1:4.17.4-2ubuntu3	amd64
patch	2.8-2build1	amd64
pavucontrol	6.1-1build1	amd64
pci.ids	0.0~2026.02.12-1	all
pciutils	1:3.14.0-1build2	amd64
perl	5.40.1-7build1	amd64
perl-base	5.40.1-7build1	amd64
perl-modules-5.40	5.40.1-7build1	all
perl-openssl-defaults:amd64	7build4	amd64
pinentry-curses	1.3.2-3ubuntu1	amd64
pipewire-alsa:amd64	1.6.2-1ubuntu1	amd64
pipewire-audio	1.6.2-1ubuntu1	all
pipewire-bin	1.6.2-1ubuntu1	amd64
pipewire-pulse	1.6.2-1ubuntu1	amd64
pipewire:amd64	1.6.2-1ubuntu1	amd64
pkexec	127-2ubuntu1	amd64
pkg-config:amd64	2.5.1-4	amd64
pkgconf-bin	2.5.1-4	amd64
pkgconf:amd64	2.5.1-4	amd64
plymouth	24.004.60+git20250831.4a3c171d-0ubuntu8	amd64
plymouth-label	24.004.60+git20250831.4a3c171d-0ubuntu8	amd64
plymouth-theme-spinner	24.004.60+git20250831.4a3c171d-0ubuntu8	amd64
plymouth-themes	24.004.60+git20250831.4a3c171d-0ubuntu8	amd64
pnp.ids	0.394-1build1	all
polkitd	127-2ubuntu1	amd64
pollinate	4.33-4ubuntu6	all
poppler-data	0.4.12-1build1	all
procps	2:4.0.4-9ubuntu1	amd64
publicsuffix	20260129.1928-1	all
pulseaudio-utils	1:17.0+dfsg1-2ubuntu4	amd64
python-apt-common	3.1.0ubuntu1	all
python-babel-localedata	2.17.0-2	all
python3	3.14.3-0ubuntu2	amd64
python3-apport	2.34.0-0ubuntu2	all
python3-apt	3.1.0ubuntu1	amd64
python3-attr	25.4.0-1build1	all
python3-autocommand	2.2.2-4	all
python3-babel	2.17.0-2	all
python3-bcrypt	5.0.0-3build1	amd64
python3-blinker	1.9.0-2build1	all
python3-bpfcc	0.35.0+ds-1ubuntu2	all
python3-certifi	2026.1.4+ds-1	all
python3-cffi-backend:amd64	2.0.0-3build1	amd64
python3-chardet	5.2.0+dfsg-2build1	all
python3-click	8.2.0+0.really.8.1.8-1build1	all
python3-configobj	5.0.9-1build1	all
python3-cryptography	46.0.5-1ubuntu2	amd64
python3-dbus	1.4.0-1build2	amd64
python3-debconf	1.5.92	all
python3-dev	3.14.3-0ubuntu2	amd64
python3-distro	1.9.0-1build1	all
python3-distro-info	1.15	all
python3-distupgrade	1:26.04.18	all
python3-gi	3.56.2-1	amd64
python3-httplib2	0.22.0-1build1	all
python3-idna	3.11-1	all
python3-inflect	7.5.0-1build1	all
python3-jaraco.context	6.0.1-2	all
python3-jaraco.functools	4.1.0-1build1	all
python3-jaraco.text	4.0.0-1build1	all
python3-jinja2	3.1.6-1build1	all
python3-json-pointer	2.4-4	all
python3-jsonpatch	1.32-6	all
python3-jsonschema	4.19.2-6ubuntu2	all
python3-jsonschema-specifications	2023.12.1-4	all
python3-jwt	2.10.1-4ubuntu1	all
python3-launchpadlib	2.1.0-1build1	all
python3-lazr.restfulclient	0.14.6-3build1	all
python3-lazr.uri	1.0.6-7build1	all
python3-linkify-it	2.0.3-1ubuntu3	all
python3-markdown-it	3.0.0-3build1	all
python3-markupsafe	3.0.3-1build1	amd64
python3-mdurl	0.1.2-1build1	all
python3-minimal	3.14.3-0ubuntu2	amd64
python3-more-itertools	10.8.0-1build1	all
python3-mutagen	1.47.0-1build1	all
python3-netaddr	1.3.0-1build1	all
python3-netplan	1.2-1ubuntu5	amd64
python3-oauthlib	3.3.1-1build1	all
python3-packaging	26.0-1	all
python3-passlib	1.9.3-1ubuntu1	all
python3-pip	25.1.1+dfsg-1ubuntu2	all
python3-pip-whl	25.1.1+dfsg-1ubuntu2	all
python3-pkg-resources	78.1.1-0.1build1	all
python3-problem-report	2.34.0-0ubuntu2	all
python3-pycryptodome	3.20.0+dfsg-3build1	amd64
python3-pygments	2.19.2+dfsg-1	all
python3-pyparsing	3.3.2-2	all
python3-referencing	0.36.2-1ubuntu2	all
python3-requests	2.32.5+dfsg-1ubuntu1	all
python3-rich	13.9.4-1.2	all
python3-rpds-py	0.27.1-2ubuntu3	amd64
python3-serial	3.5-2build1	all
python3-setuptools	78.1.1-0.1build1	all
python3-setuptools-whl	78.1.1-0.1build1	all
python3-software-properties	0.120	all
python3-systemd	235-1build9	amd64
python3-tk	3.14.3-0ubuntu2	amd64
python3-typeguard	4.4.4-2	all
python3-typing-extensions	4.15.0-2	all
python3-uc-micro	1.0.3-1build1	all
python3-update-manager	1:26.04.5	all
python3-urllib3	2.6.3-1ubuntu1	all
python3-venv	3.14.3-0ubuntu2	amd64
python3-wadllib	2.0.0-3	all
python3-websockets	15.0.1-1build2	amd64
python3-wheel	0.46.3-2	all
python3-xkit	0.5.0ubuntu8	all
python3-yaml	6.0.3-1build1	amd64
python3-zipp	3.23.0-1build1	all
python3.14	3.14.4-1	amd64
python3.14-dev	3.14.4-1	amd64
python3.14-minimal	3.14.4-1	amd64
python3.14-tk	3.14.4-1	amd64
python3.14-venv	3.14.4-1	amd64
qt5-gtk-platformtheme:amd64	5.15.18+dfsg-1ubuntu1	amd64
qttranslations5-l10n	5.15.18-1	all
qtwayland5:amd64	5.15.18-1	amd64
readline-common	8.3-4	all
rpcsvc-proto	1.4.3-1build1	amd64
rsync	3.4.1+ds1-7ubuntu0.2	amd64
rtkit	0.14-1	amd64
rust-coreutils	0.8.0-0ubuntu3	amd64
samba-libs:amd64	2:4.23.6+dfsg-1ubuntu2.1	amd64
sbsigntool	0.9.4-3.1ubuntu9	amd64
screen	4.9.1-3ubuntu2	amd64
secureboot-db	1.9build2	amd64
sed	4.9-2ubuntu1	amd64
sensible-utils	0.0.26build1	all
sg3-utils	1.48-3ubuntu3	amd64
sg3-utils-udev	1.48-3ubuntu3	all
sgml-base	1.31+nmu1build1	all
shared-mime-info	2.4-5build3	amd64
shim-signed	1.59+15.8-0ubuntu2	amd64
snapd	2.75.2+ubuntu26.04.2	amd64
software-properties-common	0.120	all
sound-theme-freedesktop	0.8-7build1	all
squashfs-tools	1:4.7.5-1	amd64
ssh-import-id	5.11-0ubuntu4	all
sudo	1.9.17p2-1ubuntu3	amd64
sudo-common	1.2ubuntu	all
sudo-rs	0.2.13-0ubuntu1	amd64
supervisor	4.3.0-1	all
systemd	259.5-0ubuntu3	amd64
systemd-cryptsetup	259.5-0ubuntu3	amd64
systemd-hwe-hwdb	259.5.3ubuntu	all
systemd-resolved	259.5-0ubuntu3	amd64
systemd-sysv	259.5-0ubuntu3	amd64
sysvinit-utils	3.15-5ubuntu1	amd64
tar	1.35+dfsg-4	amd64
thermald	2.5.11-0ubuntu1	amd64
thin-provisioning-tools	1.1.0-4ubuntu2	amd64
timgm6mb-soundfont	1.3-5build1	all
ttyd	1.7.7-4build1	amd64
tzdata	2026a-3ubuntu1	all
ubuntu-drivers-common	1:0.10.9	amd64
ubuntu-kernel-accessories	1.570	amd64
ubuntu-keyring	2023.11.28.1build1	all
ubuntu-release-upgrader-core	1:26.04.18	all
ubuntu-server-minimal	1.570	amd64
ucf	3.0052ubuntu1	all
udev	259.5-0ubuntu3	amd64
unattended-upgrades	2.12ubuntu9	all
unminimize	0.5build1	amd64
unrar-free	1:0.3.3-1build1	amd64
unzip	6.0-29ubuntu1	amd64
upower	1.91.1-1	amd64
usb.ids	2025.12.13-1	all
usbmuxd	1.1.1-7	amd64
usbutils	1:019-1	amd64
user-session-migration	0.5.1	amd64
util-linux	2.41.3-3ubuntu2	amd64
vlc	3.0.23-1	amd64
vlc-bin	3.0.23-1	amd64
vlc-data	3.0.23-1	all
vlc-l10n	3.0.23-1	all
vlc-plugin-access-extra:amd64	3.0.23-1	amd64
vlc-plugin-base:amd64	3.0.23-1	amd64
vlc-plugin-notify:amd64	3.0.23-1	amd64
vlc-plugin-qt:amd64	3.0.23-1	amd64
vlc-plugin-samba:amd64	3.0.23-1	amd64
vlc-plugin-skins2:amd64	3.0.23-1	amd64
vlc-plugin-video-output:amd64	3.0.23-1	amd64
vlc-plugin-video-splitter:amd64	3.0.23-1	amd64
vlc-plugin-visualization:amd64	3.0.23-1	amd64
vulkan-tools	1.4.341.0+dfsg1-1	amd64
wget	1.25.0-2ubuntu4	amd64
wireless-regdb	2026.02.04-0ubuntu1	all
wireplumber	0.5.13-1ubuntu1	amd64
wmctrl	1.07+git20240228.1105759-1build1	amd64
x11-apps	7.7+11build4	amd64
x11-common	1:7.7+26ubuntu1	all
x11-session-utils	7.7+6build3	amd64
x11-utils	7.7+7build1	amd64
x11-xkb-utils	7.7+9build1	amd64
x11-xserver-utils	7.7+11build1	amd64
xauth	1:1.1.2-1.1build1	amd64
xbitmaps	1.1.1-2.2build1	all
xclip	0.13-4build1	amd64
xcvt	0.1.3-1build1	amd64
xdg-user-dirs	0.19-1	amd64
xdg-utils	1.2.1-2ubuntu2	all
xdotool	1:3.20160805.1-5.1build1	amd64
xfonts-base	1:1.0.5+nmu1build1	all
xfonts-encodings	1:1.0.5-0ubuntu3	all
xfonts-scalable	1:1.0.3-1.3build1	all
xfonts-utils	1:7.7+7build1	amd64
xfsprogs	6.18.0-3	amd64
xinit	1.4.2-1build1	amd64
xinput	1.6.4-1build2	amd64
xkb-data	2.46-2	all
xml-core	0.19build1	all
xorg	1:7.7+26ubuntu1	amd64
xorg-docs-core	1:1.7.3-1	all
xserver-common	2:21.1.22-1ubuntu1	all
xserver-xorg	1:7.7+26ubuntu1	amd64
xserver-xorg-core	2:21.1.22-1ubuntu1	amd64
xserver-xorg-input-all	1:7.7+26ubuntu1	amd64
xserver-xorg-input-libinput	1.5.0-1build1	amd64
xserver-xorg-input-wacom	1:1.2.3-1ubuntu2	amd64
xserver-xorg-legacy	2:21.1.22-1ubuntu1	amd64
xserver-xorg-video-all	1:7.7+26ubuntu1	amd64
xserver-xorg-video-amdgpu	25.0.0-1	amd64
xserver-xorg-video-ati	1:22.0.0-1build2	amd64
xserver-xorg-video-fbdev	1:0.5.0-2build3	amd64
xserver-xorg-video-intel	2:2.99.917+git20210115-1build2	amd64
xserver-xorg-video-nouveau	1:1.0.18-1build1	amd64
xserver-xorg-video-qxl	0.1.6-1.1build1	amd64
xserver-xorg-video-radeon	1:22.0.0-1build2	amd64
xserver-xorg-video-vesa	1:2.6.0-2build1	amd64
xterm	407-1ubuntu1	amd64
xxd	2:9.1.2141-1ubuntu4.2	amd64
xz-utils	5.8.3-1	amd64
yt-dlp	2026.03.17-1	all
zip	3.0-15ubuntu3	amd64
zlib1g-dev:amd64	1:1.3.dfsg+really1.3.1-1ubuntu3	amd64
zlib1g:amd64	1:1.3.dfsg+really1.3.1-1ubuntu3	amd64
zstd	1.5.7+dfsg-3	amd64
